CHROM	POS	REF	ALT	AlleleID	ClinicalSignificance	ClinSigSimple	LastEvaluated	Cytogenetic	ReviewStatus	NumberSubmitters	type	name	gene_id	genes_symbol	hgnc_id	rs_dbsnp	phenotype_ids	phenotype_list	origin	origin_simple	assembly	chromosome_accession	guidelines	tested_in_gtr	other_ids	submitter_categories	variation_id
10	100175995	G	T	324204	Likely benign	0	Jun 14, 2016	10q24.2	criteria provided, single submitter	1	single nucleotide variant	NM_000195.5(HPS1):c.*1326C>A	3257	HPS1	HGNC:5163	146022441	-	-	-	germline	GRCh37	NC_000010.10	-	-	-	-	-
10	100176072	C	T	324205	Uncertain significance	0	Jun 14, 2016	10q24.2	criteria provided, single submitter	1	single nucleotide variant	NM_000195.5(HPS1):c.*1249G>A	3257	HPS1	HGNC:5163	886046583	-	-	-	germline	GRCh37	NC_000010.10	-	-	-	-	-
10	100176086	C	T	324212	Uncertain significance	0	Jun 14, 2016	10q24.2	criteria provided, single submitter	1	single nucleotide variant	NM_000195.5(HPS1):c.*1235G>A	3257	HPS1	HGNC:5163	886046584	-	-	-	germline	GRCh37	NC_000010.10	-	-	-	-	-
10	100176104	AGG	GGA	317492	Uncertain significance	0	Jun 14, 2016	10q24.2	criteria provided, single submitter	1	indel	NM_000195.5(HPS1):c.*1215_*1217delinsTCC	3257	HPS1	HGNC:5163	386746903	-	-	-	germline	GRCh37	NC_000010.10	-	-	-	-	-
10	100176104	A	G	323519	Benign	0	Jun 14, 2016	10q24.2	criteria provided, single submitter	1	single nucleotide variant	NM_000195.5(HPS1):c.*1217T>C	3257	HPS1	HGNC:5163	3830025	-	-	-	germline	GRCh37	NC_000010.10	-	-	-	-	-
10	100176106	G	A	311879	Benign	0	Jun 14, 2016	10q24.2	criteria provided, single submitter	1	single nucleotide variant	NM_000195.5(HPS1):c.*1215C>T	3257	HPS1	HGNC:5163	3830024	-	-	-	germline	GRCh37	NC_000010.10	-	-	-	-	-
10	100176154	C	T	317495	Benign	0	Jun 14, 2016	10q24.2	criteria provided, single submitter	1	single nucleotide variant	NM_000195.5(HPS1):c.*1167G>A	3257	HPS1	HGNC:5163	1061437	-	-	-	germline	GRCh37	NC_000010.10	-	-	-	-	-
10	100176236	C	T	324215	Uncertain significance	0	Jun 14, 2016	10q24.2	criteria provided, single submitter	1	single nucleotide variant	NM_000195.5(HPS1):c.*1085G>A	3257	HPS1	HGNC:5163	563447772	-	-	-	germline	GRCh37	NC_000010.10	-	-	-	-	-
10	100176316	T	C	324219	Uncertain significance	0	Jun 14, 2016	10q24.2	criteria provided, single submitter	1	single nucleotide variant	NM_000195.5(HPS1):c.*1005A>G	3257	HPS1	HGNC:5163	186229582	-	-	-	germline	GRCh37	NC_000010.10	-	-	-	-	-
10	100176339	A	G	323522	Benign	0	Jun 14, 2016	10q24.2	criteria provided, single submitter	1	single nucleotide variant	NM_000195.5(HPS1):c.*982T>C	3257	HPS1	HGNC:5163	1739	-	-	-	germline	GRCh37	NC_000010.10	-	-	-	-	-
10	100176366	T	C	323544	Benign	0	Jun 14, 2016	10q24.2	criteria provided, single submitter	1	single nucleotide variant	NM_000195.5(HPS1):c.*955A>G	3257	HPS1	HGNC:5163	1737	-	-	-	germline	GRCh37	NC_000010.10	-	-	-	-	-
10	100176369	A	C	324222	Uncertain significance	0	Jun 14, 2016	10q24.2	criteria provided, single submitter	1	single nucleotide variant	NM_000195.5(HPS1):c.*952T>G	3257	HPS1	HGNC:5163	886046585	-	-	-	germline	GRCh37	NC_000010.10	-	-	-	-	-
10	100176378	G	A	324225	Uncertain significance	0	Jun 14, 2016	10q24.2	criteria provided, single submitter	1	single nucleotide variant	NM_000195.5(HPS1):c.*943C>T	3257	HPS1	HGNC:5163	558066370	-	-	-	germline	GRCh37	NC_000010.10	-	-	-	-	-
10	100176405	C	T	311881	Uncertain significance	0	Jun 14, 2016	10q24.2	criteria provided, single submitter	1	single nucleotide variant	NM_000195.5(HPS1):c.*916G>A	3257	HPS1	HGNC:5163	114082441	-	-	-	germline	GRCh37	NC_000010.10	-	-	-	-	-
10	100176553	T	C	311892	Uncertain significance	0	Jun 14, 2016	10q24.2	criteria provided, single submitter	1	single nucleotide variant	NM_000195.5(HPS1):c.*768A>G	3257	HPS1	HGNC:5163	886046586	-	-	-	germline	GRCh37	NC_000010.10	-	-	-	-	-
10	100176555	C	A	311893	Uncertain significance	0	Jun 14, 2016	10q24.2	criteria provided, single submitter	1	single nucleotide variant	NM_000195.5(HPS1):c.*766G>T	3257	HPS1	HGNC:5163	886046587	-	-	-	germline	GRCh37	NC_000010.10	-	-	-	-	-
10	100176585	G	A	324229	Uncertain significance	0	Jun 14, 2016	10q24.2	criteria provided, single submitter	1	single nucleotide variant	NM_000195.5(HPS1):c.*736C>T	3257	HPS1	HGNC:5163	149708847	-	-	-	germline	GRCh37	NC_000010.10	-	-	-	-	-
10	100176615	G	C	311898	Benign	0	Jun 14, 2016	10q24.2	criteria provided, single submitter	1	single nucleotide variant	NM_000195.5(HPS1):c.*706C>G	3257	HPS1	HGNC:5163	3830020	-	-	-	germline	GRCh37	NC_000010.10	-	-	-	-	-
10	100176627	G	A	324230	Likely benign	0	Jun 14, 2016	10q24.2	criteria provided, single submitter	1	single nucleotide variant	NM_000195.5(HPS1):c.*694C>T	3257	HPS1	HGNC:5163	7075480	-	-	-	germline	GRCh37	NC_000010.10	-	-	-	-	-
10	100176686	A	G	323546	Uncertain significance	0	Jun 14, 2016	10q24.2	criteria provided, single submitter	1	single nucleotide variant	NM_000195.5(HPS1):c.*635T>C	3257	HPS1	HGNC:5163	886046588	-	-	-	germline	GRCh37	NC_000010.10	-	-	-	-	-
10	100176695	G	A	317496	Uncertain significance	0	Jun 14, 2016	10q24.2	criteria provided, single submitter	1	single nucleotide variant	NM_000195.5(HPS1):c.*626C>T	3257	HPS1	HGNC:5163	776700327	-	-	-	germline	GRCh37	NC_000010.10	-	-	-	-	-
10	100176732	C	T	311900	Uncertain significance	0	Jun 14, 2016	10q24.2	criteria provided, single submitter	1	single nucleotide variant	NM_000195.5(HPS1):c.*589G>A	3257	HPS1	HGNC:5163	540367850	-	-	-	germline	GRCh37	NC_000010.10	-	-	-	-	-
10	100176848	C	T	324232	Likely benign	0	Jun 14, 2016	10q24.2	criteria provided, single submitter	1	single nucleotide variant	NM_000195.5(HPS1):c.*473G>A	3257	HPS1	HGNC:5163	3830019	-	-	-	germline	GRCh37	NC_000010.10	-	-	-	-	-
10	100176861	G	A	323549	Likely benign	0	Jun 14, 2016	10q24.2	criteria provided, single submitter	1	single nucleotide variant	NM_000195.5(HPS1):c.*460C>T	3257	HPS1	HGNC:5163	114794063	-	-	-	germline	GRCh37	NC_000010.10	-	-	-	-	-
10	100176869	C	T	317497	Benign	0	Jun 14, 2016	10q24.2	criteria provided, single submitter	1	single nucleotide variant	NM_000195.5(HPS1):c.*452G>A	3257	HPS1	HGNC:5163	701801	-	-	-	germline	GRCh37	NC_000010.10	-	-	-	-	-
10	100176918	C	T	317500	Uncertain significance	0	Jun 14, 2016	10q24.2	criteria provided, single submitter	1	single nucleotide variant	NM_000195.5(HPS1):c.*403G>A	3257	HPS1	HGNC:5163	886046589	-	-	-	germline	GRCh37	NC_000010.10	-	-	-	-	-
10	100176994	C	T	311901	Uncertain significance	0	Jun 14, 2016	10q24.2	criteria provided, single submitter	1	single nucleotide variant	NM_000195.5(HPS1):c.*327G>A	3257	HPS1	HGNC:5163	886046590	-	-	-	germline	GRCh37	NC_000010.10	-	-	-	-	-
10	100176997	A	G	311903	Benign	0	Jun 14, 2016	10q24.2	criteria provided, single submitter	1	single nucleotide variant	NM_000195.5(HPS1):c.*324T>C	3257	HPS1	HGNC:5163	1061123	-	-	-	germline	GRCh37	NC_000010.10	-	-	-	-	-
10	100177049	G	A	317527	Benign	0	Jun 14, 2016	10q24.2	criteria provided, single submitter	1	single nucleotide variant	NM_000195.5(HPS1):c.*272C>T	3257	HPS1	HGNC:5163	1061115	-	-	-	germline	GRCh37	NC_000010.10	-	-	-	-	-
